A,A_pv,T_h,tau,C_total,E_dest,Qe,Qads,Qh,COP_th,Wpv,Ecool,CV,feasible,Delta_Edest_mW
0.8000547178215175,23.658343455963404,355.00003031569764,699.9994300128176,9686.297282653166,2996.0373930909664,6868.496458660764,6609.142684483803,17031.17392529426,0.40328966686552653,4258.501822073413,-741.2046538123126,0.0,True,5.4611111163467285
0.8000209059878659,23.660180038070024,355.0000010522443,699.999855395582,9686.647766268008,2996.032194957605,6868.485280719454,6609.131928620508,17031.15297399937,0.40328950665907554,4258.832406852604,-741.2034475596532,0.0,True,0.2629777550282597
0.8000434508528328,23.79777309197498,355.000002971375,699.9999731106612,9714.177166334364,2996.03193197985,6868.484683022815,6609.131353492824,17031.15087150098,0.403289521350913,4283.599156555497,-741.203383060016,0.0,True,0.0
