A,A_pv,T_h,tau,C_total,E_dest,Qe,Qads,Qh,COP_th,Wpv,Ecool,CV,feasible,Delta_Edest_mW
0.8131759464777303,10.40591970370737,355.00710417811956,699.7221981605154,7042.349125257967,1728.1111504178625,6872.9148665064395,6613.394253668707,7449.715396135067,0.9225741523054863,1873.0655466673268,-741.681460414364,0.0,True,1166.645787773632
0.8078662339739543,10.467520432848179,355.0001032029624,699.9960358351688,7051.886648699599,1726.9525348140266,6868.578800709688,6609.221917304785,7445.4612047353385,0.9225189161339326,1884.1536779126723,-741.2135396449303,0.0,True,8.030183937762558
0.8005017990358776,10.551790418070539,355.0000735760828,699.9960358351688,7065.2037043328755,1726.9445046300889,6868.54149976467,6609.186024839926,7445.435026922519,0.92251714976065,1899.322275252697,-741.209514363094,0.0,True,0.0
