A,A_pv,T_h,tau,C_total,E_dest,Qe,Qads,Qh,COP_th,Wpv,Ecool,CV,feasible,Delta_Edest_mW
0.800015369467668,10.341411094814278,355.00000014987063,699.9999364079747,7022.89126488554,1726.9294867286642,6868.484257649388,6609.130944181459,7445.378343192311,0.9225164848646803,1861.45399706657,-741.2033371564088,0.0,True,0.015374413351310068
0.8000439039939053,12.381578330746084,355.0000002308526,699.9999545045741,7430.938406565684,1726.9294713542508,6868.48421912209,6609.130907108944,7445.378247339624,0.9225164915666079,2228.684099534295,-741.2033329987867,0.0,True,0.0
