A,A_pv,T_h,tau,C_total,E_dest,Qe,Qads,Qh,COP_th,Wpv,Ecool,CV,feasible,Delta_Edest_mW
2.7019099572226084,23.390346845357087,375.6990206881071,538.5979759543791,7091.767181233949,1741.8546763364502,13539.056128969449,13027.8226549514,13745.195173335327,0.985002828860097,4210.262432164275,-1461.0492225506598,0.0,True,14460.66012630672
6.4329351248410624,29.667092157794432,385.76076005398426,586.2487466668357,7101.65690643491,1741.1887168184385,13694.001397604765,13176.917204953705,13942.75381798276,0.9821590179655065,5340.076588402998,-1477.7699349933198,0.0,True,13794.700608294988
6.264538022415024,23.116739540953326,368.98582769680445,475.23437807525863,7135.398177369701,1728.615485347826,13972.496424405397,13444.896285982959,14282.738753148771,0.9782785126784611,4161.013117371599,-1507.8233551516614,0.0,True,1221.4691376825613
7.986543332829988,28.995826607290258,385.2008381596664,411.9418125445551,7167.1768392719205,1728.1309055817474,19186.587546959214,18462.103822780286,19598.112530124537,0.979001805274219,5219.248789312246,-2070.4950590243757,0.0,True,736.8893716038656
6.3009187724851685,20.23462850594291,393.0383972297534,621.9764385302478,7172.936456119786,1727.3940162101435,13532.22136162199,13021.245967770075,13892.541932594102,0.9740637406228199,3642.233131069724,-1460.3116577289918,0.0,True,0.0
