A,A_pv,T_h,tau,C_total,E_dest,Qe,Qads,Qh,COP_th,Wpv,Ecool,CV,feasible,Delta_Edest_mW
0.800720287616271,16.876151287107643,355.0000598609745,699.9998100504599,8330.178647938064,2348.2588989050455,5000.0,6609.148490266573,12138.370115942691,0.4199504747067262,3037.7072316793756,-741.2053049214509,0.0,True,6.6707129572023405
0.8001578264625685,16.880367233037923,355.0000147214167,699.9991490695481,8330.751502048464,2348.2563237638524,5000.0,6609.142182161659,12138.366123313172,0.4199501207534735,3038.4661019468263,-741.2045974776939,0.0,True,4.095571764082706
0.8000173416500456,16.883942587508077,355.00001493757287,699.9994319211589,8331.398963276988,2348.2552715310953,5000.0,6609.139026422877,12138.360800322404,0.41995009871093925,3039.109665751454,-741.2042435667008,0.0,True,3.0433390070356836
0.8000109679687883,16.884688210136225,355.0000011336746,699.9999523576782,8331.544578407797,2348.2522281920883,5000.0,6609.131000844437,12138.347704738222,0.41995002206311627,3039.2438778245205,-741.2033435110684,0.0,True,0.0
