A,A_pv,T_h,tau,C_total,E_dest,Qe,Qads,Qh,COP_th,Wpv,Ecool,CV,feasible
5.215250223703558,20.340821139306534,394.9987540225672,698.3187357816485,11096.048651273053,3867.6545034676715,6015.258657164202,0.0,14613.010534179159,0.4116371943409463,3661.347805075176,-649.1286320680794,0.0,True
5.215250223703558,20.65207959715309,394.9987540225672,694.4044206870539,11158.005399499623,3866.346512365918,6009.792373878711,0.0,14609.7501386382,0.41135490455683416,3717.374327487556,-648.5387453825947,0.0,True
5.214807017773235,20.69676952941609,394.9994533573923,694.1451378987772,11166.683491547077,3865.9398028196492,6008.918424192823,0.0,14608.240198222762,0.4113375973187974,3725.418515294896,-648.4444342654126,0.0,True
5.208282931338779,20.87380383774242,394.9151976724583,697.5655352281958,11198.8107505382,3864.4183904898655,6006.17472755292,0.0,14613.7148861654,0.4109957512062098,3757.284690793636,-648.1483518941999,0.0,True
5.207580307387634,20.90225410355407,394.93767508110113,699.1537667497914,11204.238954330136,3863.9774390316775,6007.572328557727,0.0,14608.079838202686,0.41124996543672176,3762.4057386397326,-648.2991721465172,0.0,True
5.2081053105152035,21.276555366869722,394.8762266630374,693.5164181543967,11278.959677476423,3863.7853926206303,6000.315953689354,0.0,14618.82412476184,0.41045134016803875,3829.77996603655,-647.5161101103619,0.0,True
5.208222265059938,21.285401593812377,394.9933982796502,697.1452702327156,11281.065831351789,3862.54692075108,6005.5195633487365,0.0,14595.293042272902,0.4114696118779336,3831.372286886228,-648.0776507210867,0.0,True
5.207405217487114,21.437628561719194,394.96354305528473,695.2113458455877,11310.922665275522,3861.9842470202593,6001.880046235167,0.0,14598.428434399419,0.4111319292487997,3858.773141109455,-647.6848970757375,0.0,True
